,Bandwidth,Timestamp,Duration,TxCountOfEachFlow,TxCountTotal,RxCountTotal,TxPacketCount,RxPacketCount,PacketLoss,PacketLoss%,LatencyMin,LatencyMax
ST,Trial,2023_03_26_01_04_30,Trial,1650,3300,3289,1650,1650,0,0.0,0.01,0.22
BE,Trial,2023_03_26_01_04_30,Trial,1639,3300,3289,1650,1639,11,0.67,0.02,68.17
,Bandwidth,Timestamp,Duration,TxCountOfEachFlow,TxCountTotal,RxCountTotal,TxPacketCount,RxPacketCount,PacketLoss,PacketLoss%,LatencyMin,LatencyMax
ST,Trial,2023_03_26_01_25_43,Trial,1650,3300,3289,1650,1650,0,0.0,0.01,0.22
BE,Trial,2023_03_26_01_25_43,Trial,1639,3300,3289,1650,1639,11,0.67,0.02,68.17
,TxCountOfEachFlow,TxCountTotal,RxCountTotal,TxPacketCount,RxPacketCount,PacketLoss,PacketLoss%,LatencyMin,LatencyMax
ST,825,1650,1650,825,825,0,0.0,-17.05,0.15
BE,825,1650,1650,825,825,0,0.0,-16.94,0.26
,TxCountOfEachFlow,TxCountTotal,RxCountTotal,TxPacketCount,RxPacketCount,PacketLoss,PacketLoss%,LatencyMin,LatencyMax
ST,825,1650,1650,825,825,0,0.0,-10.08,0.18
BE,825,1650,1650,825,825,0,0.0,-10.09,0.18
,TxCountOfEachFlow,TxCountTotal,RxCountTotal,TxPacketCount,RxPacketCount,PacketLoss,PacketLoss%,LatencyMin,LatencyMax
BE,825,1650,1650,825,825,0,0.0,-4.11,0.28
ST,825,1650,1650,825,825,0,0.0,-4.14,0.25
,TxCountOfEachFlow,TxCountTotal,RxCountTotal,TxPacketCount,RxPacketCount,PacketLoss,PacketLoss%,LatencyMin,LatencyMax
BE,4125,8250,8250,4125,4125,0,0.0,-3.49,0.35
ST,4125,8250,8250,4125,4125,0,0.0,-3.49,0.39
,TxCountOfEachFlow,TxCountTotal,RxCountTotal,TxPacketCount,RxPacketCount,PacketLoss,PacketLoss%,LatencyMin,LatencyMax
BE,4125.0,8250,8250,4125.0,4125.0,0.0,0.0,-1.55,0.48
ST,4125.0,8250,8250,4125.0,4125.0,0.0,0.0,-1.56,0.48
,,8250,8250,,,,,,
,TxCountOfEachFlow,TxCountTotal,RxCountTotal,TxPacketCount,RxPacketCount,PacketLoss,PacketLoss%,LatencyMin,LatencyMax
ST,4125,8250,8250,4125,4125,0,0.0,36970.95,36971.44
BE,4125,8250,8250,4125,4125,0,0.0,36970.96,36971.44
,TxCountOfEachFlow,TxCountTotal,RxCountTotal,TxPacketCount,RxPacketCount,PacketLoss,PacketLoss%,LatencyMin,LatencyMax
ST,8250,16500,16500,8250,8250,0,0.0,36971.01,36971.55
BE,8250,16500,16500,8250,8250,0,0.0,36971.01,36971.54
,TxCountOfEachFlow,TxCountTotal,RxCountTotal,TxPacketCount,RxPacketCount,PacketLoss,PacketLoss%,LatencyMin,LatencyMax
ST,8250,16500,16500,8250,8250,0,0.0,36971.01,36971.55
BE,8250,16500,16500,8250,8250,0,0.0,36971.01,36971.54
,TxCountOfEachFlow,TxCountTotal,RxCountTotal,TxPacketCount,RxPacketCount,PacketLoss,PacketLoss%,LatencyMin,LatencyMax
ST,8250,16500,16500,8250,8250,0,0.0,36971.01,36971.55
BE,8250,16500,16500,8250,8250,0,0.0,36971.01,36971.54
,TxCountOfEachFlow,TxCountTotal,RxCountTotal,TxPacketCount,RxPacketCount,PacketLoss,PacketLoss%,LatencyMin,LatencyMax
ST,8250,16500,16500,8250,8250,0,0.0,36971.01,36971.55
BE,8250,16500,16500,8250,8250,0,0.0,36971.01,36971.54
,Bandwidth,Timestamp,Duration,TxCountOfEachFlow,TxCountTotal,RxCountTotal,TxPacketCount,RxPacketCount,PacketLoss,PacketLoss%,LatencyMin,LatencyMax
ST,6.6,2023_03_26_02_57_44,10,8250,16500,16500,8250,8250,0,0.0,36971.28,36971.77
BE,6.6,2023_03_26_02_57_44,10,8250,16500,16500,8250,8250,0,0.0,36971.27,36971.65
,Bandwidth,Timestamp,Duration,TxCountOfEachFlow,TxCountTotal,RxCountTotal,TxPacketCount,RxPacketCount,PacketLoss,PacketLoss%,LatencyMin,LatencyMax
ST,Trial,2023_03_26_02_58_10,Trial,8250,16500,16500,8250,8250,0,0.0,36971.28,36971.77
BE,Trial,2023_03_26_02_58_10,Trial,8250,16500,16500,8250,8250,0,0.0,36971.27,36971.65
,Bandwidth,Timestamp,Duration,TxCountOfEachFlow,TxCountTotal,RxCountTotal,TxPacketCount,RxPacketCount,PacketLoss,PacketLoss%,LatencyMin,LatencyMax
ST,Trial,2023_03_26_02_58_52,Trial,8250,16500,16500,8250,8250,0,0.0,36971.28,36971.77
BE,Trial,2023_03_26_02_58_52,Trial,8250,16500,16500,8250,8250,0,0.0,36971.27,36971.65
,Bandwidth,Timestamp,Duration,TxCountOfEachFlow,TxCountTotal,RxCountTotal,TxPacketCount,RxPacketCount,PacketLoss,PacketLoss%,LatencyMin,LatencyMax
ST,6.6,2023_03_26_03_06_05,10,8250,16500,16500,8250,8250,0,0.0,0.06,0.55
BE,6.6,2023_03_26_03_06_05,10,8250,16500,16500,8250,8250,0,0.0,0.06,0.56
,Bandwidth,Timestamp,Duration,TxCountOfEachFlow,TxCountTotal,RxCountTotal,TxPacketCount,RxPacketCount,PacketLoss,PacketLoss%,LatencyMin,LatencyMax
ST,6.6,2023_03_26_03_08_17,10,8250,16500,16500,8250,8250,0,0.0,0.05,0.59
BE,6.6,2023_03_26_03_08_17,10,8250,16500,16500,8250,8250,0,0.0,0.07,0.59
,Bandwidth,Timestamp,Duration,TxCountOfEachFlow,TxCountTotal,RxCountTotal,TxPacketCount,RxPacketCount,PacketLoss,PacketLoss%,LatencyMin,LatencyMax
ST,6.6,2023_03_26_03_14_49,10,3318,6638,6636,3319,3318,1,0.03,0.05,0.5
BE,6.6,2023_03_26_03_14_49,10,3318,6638,6636,3319,3318,1,0.03,0.05,0.49
,Bandwidth,Timestamp,Duration,TxCountOfEachFlow,TxCountTotal,RxCountTotal,TxPacketCount,RxPacketCount,PacketLoss,PacketLoss%,LatencyMin,LatencyMax
ST,6.6,2023_03_26_03_15_28,10,,16500,0,8250,,,,,
BE,6.6,2023_03_26_03_15_28,10,,16500,0,8250,,,,,
,Bandwidth,Timestamp,Duration,TxCountOfEachFlow,TxCountTotal,RxCountTotal,TxPacketCount,RxPacketCount,PacketLoss,PacketLoss%,LatencyMin,LatencyMax
ST,6.6,2023_03_26_03_16_58,10,8250,16500,16500,8250,8250,0,0.0,0.06,100.2
BE,6.6,2023_03_26_03_16_58,10,8250,16500,16500,8250,8250,0,0.0,0.06,100.31
,Bandwidth,Timestamp,Duration,TxCountOfEachFlow,TxCountTotal,RxCountTotal,TxPacketCount,RxPacketCount,PacketLoss,PacketLoss%,LatencyMin,LatencyMax
ST,6.6,2023_03_26_03_18_51,10,,16500,5301,8250,,,,,
BE,6.6,2023_03_26_03_18_51,10,5301.0,16500,5301,8250,5301.0,2949.0,35.75,0.05,2999.93
,Bandwidth,Timestamp,Duration,TxCountOfEachFlow,TxCountTotal,RxCountTotal,TxPacketCount,RxPacketCount,PacketLoss,PacketLoss%,LatencyMin,LatencyMax
ST,6.6,2023_03_26_03_21_15,10,,16500,0,8250,,,,,
BE,6.6,2023_03_26_03_21_15,10,,16500,0,8250,,,,,
,Bandwidth,Timestamp,Duration,TxCountOfEachFlow,TxCountTotal,RxCountTotal,TxPacketCount,RxPacketCount,PacketLoss,PacketLoss%,LatencyMin,LatencyMax
ST,6.6,2023_03_26_03_22_19,10,8250,16500,16500,8250,8250,0,0.0,0.05,1.06
BE,6.6,2023_03_26_03_22_19,10,8250,16500,16500,8250,8250,0,0.0,0.04,0.98
,Bandwidth,Timestamp,Duration,TxCountOfEachFlow,TxCountTotal,RxCountTotal,TxPacketCount,RxPacketCount,PacketLoss,PacketLoss%,LatencyMin,LatencyMax
ST,6.6,2023_03_26_03_23_55,10,8250,16500,16500,8250,8250,0,0.0,0.05,800.16
BE,6.6,2023_03_26_03_23_55,10,8250,16500,16500,8250,8250,0,0.0,0.05,200.07
,Bandwidth,Timestamp,Duration,TxCountOfEachFlow,TxCountTotal,RxCountTotal,TxPacketCount,RxPacketCount,PacketLoss,PacketLoss%,LatencyMin,LatencyMax
ST,6.6,2023_03_26_03_25_40,10,8250,16500,16500,8250,8250,0,0.0,0.07,800.32
BE,6.6,2023_03_26_03_25_40,10,8250,16500,16500,8250,8250,0,0.0,0.06,200.27
,Bandwidth,Timestamp,Duration,TxCountOfEachFlow,TxCountTotal,RxCountTotal,TxPacketCount,RxPacketCount,PacketLoss,PacketLoss%,LatencyMin,LatencyMax
ST,6.6,2023_03_26_03_31_15,10,8250,16500,16500,8250,8250,0,0.0,0.06,800.05
BE,6.6,2023_03_26_03_31_15,10,8250,16500,16500,8250,8250,0,0.0,0.05,200.12
,Bandwidth,Timestamp,Duration,TxCountOfEachFlow,TxCountTotal,RxCountTotal,TxPacketCount,RxPacketCount,PacketLoss,PacketLoss%,LatencyMin,LatencyMax
ST,6.6,2023_03_26_03_32_02,10,8250,16500,16500,8250,8250,0,0.0,0.06,400.33
BE,6.6,2023_03_26_03_32_02,10,8250,16500,16500,8250,8250,0,0.0,0.05,100.27
,Bandwidth,Timestamp,Duration,TxCountOfEachFlow,TxCountTotal,RxCountTotal,TxPacketCount,RxPacketCount,PacketLoss,PacketLoss%,LatencyMin,LatencyMax
ST,6.6,2023_03_26_03_52_11,10,8250,16500,16500,8250,8250,0,0.0,0.05,4.26
BE,6.6,2023_03_26_03_52_11,10,8250,16500,16500,8250,8250,0,0.0,0.06,1.39
,Bandwidth,Timestamp,Duration,TxCountOfEachFlow,TxCountTotal,RxCountTotal,TxPacketCount,RxPacketCount,PacketLoss,PacketLoss%,LatencyMin,LatencyMax
ST,Trial,2023_03_26_03_54_17,Trial,8250,16500,16500,8250,8250,0,0.0,0.05,4.26
BE,Trial,2023_03_26_03_54_17,Trial,8250,16500,16500,8250,8250,0,0.0,0.06,1.39
,Bandwidth,Timestamp,Duration,TxCountOfEachFlow,TxCountTotal,RxCountTotal,TxPacketCount,RxPacketCount,PacketLoss,PacketLoss%,LatencyMin,LatencyMax
ST,Trial,2023_03_26_04_05_09,Trial,8250,16500,16500,8250,8250,0,0.0,0.05,4.26
BE,Trial,2023_03_26_04_05_09,Trial,8250,16500,16500,8250,8250,0,0.0,0.06,1.39
,Bandwidth,Timestamp,Duration,TxCountOfEachFlow,TxCountTotal,RxCountTotal,TxPacketCount,RxPacketCount,PacketLoss,PacketLoss%,LatencyMin,LatencyMax
ST,6.6,2023_03_26_04_05_57,1,825,1650,1650,825,825,0,0.0,0.08,0.22
BE,6.6,2023_03_26_04_05_57,1,825,1650,1650,825,825,0,0.0,0.08,0.2
,Bandwidth,Timestamp,Duration,TxCountOfEachFlow,TxCountTotal,RxCountTotal,TxPacketCount,RxPacketCount,PacketLoss,PacketLoss%,LatencyMin,LatencyMax
ST,6.6,2023_03_26_04_08_32,1,825,1650,1650,825,825,0,0.0,0.07,0.21
BE,6.6,2023_03_26_04_08_32,1,825,1650,1650,825,825,0,0.0,0.1,0.43
,Bandwidth,Timestamp,Duration,TxCountOfEachFlow,TxCountTotal,RxCountTotal,TxPacketCount,RxPacketCount,PacketLoss,PacketLoss%,LatencyMin,LatencyMax
ST,6.6,2023_03_26_04_11_54,1,,1650,0,825,,,,,
BE,6.6,2023_03_26_04_11_54,1,,1650,0,825,,,,,
,Bandwidth,Timestamp,Duration,TxCountOfEachFlow,TxCountTotal,RxCountTotal,TxPacketCount,RxPacketCount,PacketLoss,PacketLoss%,LatencyMin,LatencyMax
ST,6.6,2023_03_26_04_24_11,1,1000,1650,2000,1000,1000,0,0.0,7536.92,8536.91
BE,6.6,2023_03_26_04_24_11,1,1000,1650,2000,1000,1000,0,0.0,7539.61,8539.59
,Bandwidth,Timestamp,Duration,TxCountOfEachFlow,TxCountTotal,RxCountTotal,TxPacketCount,RxPacketCount,PacketLoss,PacketLoss%,LatencyMin,LatencyMax
ST,6.6,2023_03_26_04_24_39,1,825,1650,1650,825,825,0,0.0,0.07,0.36
BE,6.6,2023_03_26_04_24_39,1,825,1650,1650,825,825,0,0.0,0.12,0.4
,Bandwidth,Timestamp,Duration,TxCountOfEachFlow,TxCountTotal,RxCountTotal,TxPacketCount,RxPacketCount,PacketLoss,PacketLoss%,LatencyMin,LatencyMax
ST,10M,2023_03_26_04_28_20,1,1250,2500,2500,1250,1250,0,0.0,0.07,0.23
BE,10M,2023_03_26_04_28_20,1,1250,2500,2500,1250,1250,0,0.0,0.07,0.23
,Bandwidth,Timestamp,Duration,TxCountOfEachFlow,TxCountTotal,RxCountTotal,TxPacketCount,RxPacketCount,PacketLoss,PacketLoss%,LatencyMin,LatencyMax
ST,10M,2023_03_26_04_55_27,1,1250,2500,2500,1250,1250,0,0.0,0.06,1.18
BE,10M,2023_03_26_04_55_27,1,1250,2500,2500,1250,1250,0,0.0,0.08,1.11
,Bandwidth,Timestamp,Duration,TxCountOfEachFlow,TxCountTotal,RxCountTotal,TxPacketCount,RxPacketCount,PacketLoss,PacketLoss%,LatencyMin,LatencyMax
ST,10M,2023_03_26_04_57_43,1,1250,2500,2500,1250,1250,0,0.0,0.06,0.18
BE,10M,2023_03_26_04_57_43,1,1250,2500,2500,1250,1250,0,0.0,0.05,0.51
,Bandwidth,Timestamp,Duration,TxCountOfEachFlow,TxCountTotal,RxCountTotal,TxPacketCount,RxPacketCount,PacketLoss,PacketLoss%,LatencyMin,LatencyMax
ST,1000M,2023_03_26_05_05_11,1,125000,250000,250000,125000,125000,0,0.0,0.03,3.52
BE,1000M,2023_03_26_05_05_11,1,125000,250000,250000,125000,125000,0,0.0,0.04,3.55
,Bandwidth,Timestamp,Duration,TxCountOfEachFlow,TxCountTotal,RxCountTotal,TxPacketCount,RxPacketCount,PacketLoss,PacketLoss%,LatencyMin,LatencyMax
ST,10M,2023_03_26_11_13_30,1,1250,2500,2500,1250,1250,0,0.0,0.11,1.17
BE,10M,2023_03_26_11_13_30,1,1250,2500,2500,1250,1250,0,0.0,0.15,4.27
,Bandwidth,Timestamp,Duration,TxCountOfEachFlow,TxCountTotal,RxCountTotal,TxPacketCount,RxPacketCount,PacketLoss,PacketLoss%,LatencyMin,LatencyMax
ST,10M,2023_03_26_11_35_37,1,1250,2500,2500,1250,1250,0,0.0,0.1,100.24
BE,10M,2023_03_26_11_35_37,1,1250,2500,2500,1250,1250,0,0.0,0.1,400.33
,Bandwidth,Timestamp,Duration,TxCountOfEachFlow,TxCountTotal,RxCountTotal,TxPacketCount,RxPacketCount,PacketLoss,PacketLoss%,LatencyMin,LatencyMax
ST,10M,2023_03_26_11_40_10,1,1250,2500,2500,1250,1250,0,0.0,0.08,100.29
BE,10M,2023_03_26_11_40_10,1,1250,2500,2500,1250,1250,0,0.0,0.09,400.18
,Bandwidth,Timestamp,Duration,TxCountOfEachFlow,TxCountTotal,RxCountTotal,TxPacketCount,RxPacketCount,PacketLoss,PacketLoss%,LatencyMin,LatencyMax
ST,10M,2023_03_26_11_44_08,1,1250,2500,1257,1250,1250,0,0.0,0.09,0.21
BE,10M,2023_03_26_11_44_08,1,7,2500,1257,1250,7,1243,99.44,156.71,10413.29
,Bandwidth,Timestamp,Duration,TxCountOfEachFlow,TxCountTotal,RxCountTotal,TxPacketCount,RxPacketCount,PacketLoss,PacketLoss%,LatencyMin,LatencyMax
ST,10M,2023_03_26_11_47_03,1,1250,2500,1264,1250,1250,0,0.0,0.06,0.17
BE,10M,2023_03_26_11_47_03,1,14,2500,1264,1250,14,1236,98.88,-3129.56,10643.78
,Bandwidth,Timestamp,Duration,TxCountOfEachFlow,TxCountTotal,RxCountTotal,TxPacketCount,RxPacketCount,PacketLoss,PacketLoss%,LatencyMin,LatencyMax
ST,10M,2023_03_26_11_48_34,1,15,2500,1265,1250,15,1235,98.8,323.29,10670.74
BE,10M,2023_03_26_11_48_34,1,1250,2500,1265,1250,1250,0,0.0,0.06,0.16
,TxCountOfEachFlow,RxCountOfEachFlow,TxCountTotal,RxCountTotal,Bandwidth,Timestamp,Duration,TxPacketCount,RxPacketCount,PacketLoss,PacketLoss%,LatencyMin,LatencyMax
ST,1250,15,2500,1265,Trial,2023_03_27_10_52_54,Trial,1250.0,15.0,1235.0,98.8,323.29,10670.74
BE,1250,1250,2500,1265,Trial,2023_03_27_10_52_54,Trial,1250.0,1250.0,0.0,0.0,0.06,0.16
Others,15,8,2500,1265,,2023_03_27_10_52_54,Trial,,,,,,
,TxCountOfEachFlow,RxCountOfEachFlow,TxCountTotal,RxCountTotal,Bandwidth,Timestamp,Duration,TxPacketCount,RxPacketCount,PacketLoss,PacketLoss%,LatencyMin,LatencyMax
ST,1250,15,2500,1265,Trial,2023_03_27_20_05_49,Trial,1250.0,15.0,1235.0,98.8,323.29,10670.74
BE,1250,1250,2500,1265,Trial,2023_03_27_20_05_49,Trial,1250.0,1250.0,0.0,0.0,0.06,0.16
Others,15,8,2500,1265,,2023_03_27_20_05_49,Trial,,,,,,
,TxCountOfEachFlow,RxCountOfEachFlow,TxCountTotal,RxCountTotal,Bandwidth,Timestamp,Duration,TxPacketCount,RxPacketCount,PacketLoss,PacketLoss%,LatencyMin,LatencyMax
ST,1250,15,2500,1265,Trial,2023_03_27_20_11_35,Trial,1250.0,15.0,1235.0,98.8,323.29,10670.74
BE,1250,1250,2500,1265,Trial,2023_03_27_20_11_35,Trial,1250.0,1250.0,0.0,0.0,0.06,0.16
Others,15,8,2500,1265,,2023_03_27_20_11_35,Trial,,,,,,
,TxCountOfEachFlow,RxCountOfEachFlow,TxCountTotal,RxCountTotal,Bandwidth,Timestamp,Duration,TxPacketCount,RxPacketCount,PacketLoss,PacketLoss%,LatencyMin,LatencyMax
ST,1250,15,2500,1265,Trial,2023_03_27_20_13_02,Trial,1250.0,15.0,1235.0,98.8,323.29,10670.74
BE,1250,1250,2500,1265,Trial,2023_03_27_20_13_02,Trial,1250.0,1250.0,0.0,0.0,0.06,0.16
Others,15,8,2500,1265,,2023_03_27_20_13_02,Trial,,,,,,
,TxCountOfEachFlow,RxCountOfEachFlow,TxCountTotal,RxCountTotal,Bandwidth,Timestamp,Duration,TxPacketCount,RxPacketCount,PacketLoss,PacketLoss%,LatencyMin,LatencyMax
ST,1250,15,2500,1265,Trial,2023_03_27_20_22_16,Trial,1250.0,15.0,1235.0,98.8,323.29,10670.74
BE,1250,1250,2500,1265,Trial,2023_03_27_20_22_16,Trial,1250.0,1250.0,0.0,0.0,0.06,0.16
Others,15,8,2500,1265,,2023_03_27_20_22_16,Trial,,,,,,
,TxCountOfEachFlow,RxCountOfEachFlow,TxCountTotal,RxCountTotal,Bandwidth,Timestamp,Duration,TxPacketCount,RxPacketCount,PacketLoss,PacketLoss%,LatencyMin,LatencyMax
ST,1250,15,2500,1265,Trial,2023_03_28_00_08_48,Trial,1250.0,15.0,1235.0,98.8,323.29,10670.74
BE,1250,1250,2500,1265,Trial,2023_03_28_00_08_48,Trial,1250.0,1250.0,0.0,0.0,0.06,0.16
Others,15,8,2500,1265,,2023_03_28_00_08_48,Trial,,,,,,
,TxCountOfEachFlow,RxCountOfEachFlow,TxCountTotal,RxCountTotal,Bandwidth,Timestamp,Duration,TxPacketCount,RxPacketCount,PacketLoss,PacketLoss%,LatencyMin,LatencyMax
ST,1250,15,2500,1265,Trial,2023_03_28_00_27_43,Trial,1250.0,15.0,1235.0,98.8,323.29,10670.74
BE,1250,1250,2500,1265,Trial,2023_03_28_00_27_43,Trial,1250.0,1250.0,0.0,0.0,0.06,0.16
Others,15,8,2500,1265,,2023_03_28_00_27_43,Trial,,,,,,
,TxCountOfEachFlow,RxCountOfEachFlow,TxCountTotal,RxCountTotal,Bandwidth,Timestamp,Duration,TxPacketCount,RxPacketCount,PacketLoss,PacketLoss%,LatencyMin,LatencyMax
ST,1250,15,2500,1265,Trial,2023_03_28_01_04_08,Trial,1250.0,15.0,1235.0,98.8,323.29,10670.74
BE,1250,1250,2500,1265,Trial,2023_03_28_01_04_08,Trial,1250.0,1250.0,0.0,0.0,0.06,0.16
Others,15,8,2500,1265,,2023_03_28_01_04_08,Trial,,,,,,
,TxCountOfEachFlow,RxCountOfEachFlow,TxCountTotal,RxCountTotal,Bandwidth,Timestamp,Duration,TxPacketCount,RxPacketCount,PacketLoss,PacketLoss%,LatencyMin,LatencyMax
ST,1250,15,2500,1265,Trial,2023_03_28_01_15_08,Trial,1250.0,15.0,1235.0,98.8,323.29,10670.74
BE,1250,1250,2500,1265,Trial,2023_03_28_01_15_08,Trial,1250.0,1250.0,0.0,0.0,0.06,0.16
Others,15,8,2500,1265,,2023_03_28_01_15_08,Trial,,,,,,
,TxCountOfEachFlow,RxCountOfEachFlow,TxCountTotal,RxCountTotal,Bandwidth,Timestamp,Duration,TxPacketCount,RxPacketCount,PacketLoss,PacketLoss%,LatencyMin,LatencyMax
ST,1250,15,2500,1265,Trial,2023_03_28_01_15_50,Trial,1250.0,15.0,1235.0,98.8,323.29,10670.74
BE,1250,1250,2500,1265,Trial,2023_03_28_01_15_50,Trial,1250.0,1250.0,0.0,0.0,0.06,0.16
Others,15,8,2500,1265,,2023_03_28_01_15_50,Trial,,,,,,
,TxCountOfEachFlow,RxCountOfEachFlow,TxCountTotal,RxCountTotal,Bandwidth,Timestamp,Duration,TxPacketCount,RxPacketCount,PacketLoss,PacketLoss%,LatencyMin,LatencyMax
ST,1250,15,2500,1265,Trial,2023_03_28_01_16_06,Trial,1250.0,15.0,1235.0,98.8,323.29,10670.74
BE,1250,1250,2500,1265,Trial,2023_03_28_01_16_06,Trial,1250.0,1250.0,0.0,0.0,0.06,0.16
Others,15,8,2500,1265,,2023_03_28_01_16_06,Trial,,,,,,
,TxCountOfEachFlow,RxCountOfEachFlow,TxCountTotal,RxCountTotal,Bandwidth,Timestamp,Duration,TxPacketCount,RxPacketCount,PacketLoss,PacketLoss%,LatencyMin,LatencyMax
ST,1250,15,2500,1265,Trial,2023_03_28_01_21_24,Trial,1250.0,15.0,1235.0,98.8,323.29,10670.74
BE,1250,1250,2500,1265,Trial,2023_03_28_01_21_24,Trial,1250.0,1250.0,0.0,0.0,0.06,0.16
Others,15,8,2500,1265,,2023_03_28_01_21_24,Trial,,,,,,
,TxCountOfEachFlow,RxCountOfEachFlow,TxCountTotal,RxCountTotal,Bandwidth,Timestamp,Duration,TxPacketCount,RxPacketCount,PacketLoss,PacketLoss%,LatencyMin,LatencyMax
ST,1250,15,2500,1265,Trial,2023_03_28_01_21_40,Trial,1250.0,15.0,1235.0,98.8,323.29,10670.74
BE,1250,1250,2500,1265,Trial,2023_03_28_01_21_40,Trial,1250.0,1250.0,0.0,0.0,0.06,0.16
Others,15,8,2500,1265,,2023_03_28_01_21_40,Trial,,,,,,
,TxCountOfEachFlow,RxCountOfEachFlow,TxCountTotal,RxCountTotal,Bandwidth,Timestamp,Duration,TxPacketCount,RxPacketCount,PacketLoss,PacketLoss%,LatencyMin,LatencyMax
ST,1250,15,2500,1265,Trial,2023_03_28_01_22_40,Trial,1250.0,15.0,1235.0,98.8,323.29,10670.74
BE,1250,1250,2500,1265,Trial,2023_03_28_01_22_40,Trial,1250.0,1250.0,0.0,0.0,0.06,0.16
Others,15,8,2500,1265,,2023_03_28_01_22_40,Trial,,,,,,
,TxCountOfEachFlow,RxCountOfEachFlow,TxCountTotal,RxCountTotal,Bandwidth,Timestamp,Duration,TxPacketCount,RxPacketCount,PacketLoss,PacketLoss%,LatencyMin,LatencyMax
ST,1250,,2500,0,10M,2023_03_28_02_05_48,1,1250.0,,,,,
BE,1250,,2500,0,10M,2023_03_28_02_05_48,1,1250.0,,,,,
Others,4,,2500,0,,2023_03_28_02_05_48,1,,,,,,
,TxCountOfEachFlow,RxCountOfEachFlow,TxCountTotal,RxCountTotal,Bandwidth,Timestamp,Duration,TxPacketCount,RxPacketCount,PacketLoss,PacketLoss%,LatencyMin,LatencyMax
BE,1250,,2500,0,10M,2023_03_28_11_49_58,1,1250.0,,,,,
ST,1250,,2500,0,10M,2023_03_28_11_49_58,1,1250.0,,,,,
Others,3,2.0,2500,0,,2023_03_28_11_49_58,1,,,,,,
,TxCountOfEachFlow,RxCountOfEachFlow,TxCountTotal,RxCountTotal,Bandwidth,Timestamp,Duration,TxPacketCount,RxPacketCount,PacketLoss,PacketLoss%,LatencyMin,LatencyMax
ST,1250,1250,2500,2500,10M,2023_03_28_11_59_11,1,1250.0,1250.0,0.0,0.0,4601.17,4601.59
BE,1250,1250,2500,2500,10M,2023_03_28_11_59_11,1,1250.0,1250.0,0.0,0.0,4601.17,4601.45
Others,2,2,2500,2500,,2023_03_28_11_59_11,1,,,,,,
,TxCountOfEachFlow,RxCountOfEachFlow,TxCountTotal,RxCountTotal,Bandwidth,Timestamp,Duration,TxPacketCount,RxPacketCount,PacketLoss,PacketLoss%,LatencyMin,LatencyMax
BE,1250,1250,2500,2500,10M,2023_03_28_12_08_21,1,1250,1250,0,0.0,0.05,0.67
ST,1250,1250,2500,2500,10M,2023_03_28_12_08_21,1,1250,1250,0,0.0,0.06,0.38
,TxCountOfEachFlow,RxCountOfEachFlow,TxCountTotal,RxCountTotal,Bandwidth,Timestamp,Duration,TxPacketCount,RxPacketCount,PacketLoss,PacketLoss%,LatencyMin,LatencyMax
ST,1250,1250,2500,2500,10M,2023_03_28_12_21_37,1,1250.0,1250.0,0.0,0.0,0.1,400.15
BE,1250,1250,2500,2500,10M,2023_03_28_12_21_37,1,1250.0,1250.0,0.0,0.0,0.07,100.02
Others,5,4,2500,2500,,2023_03_28_12_21_37,1,,,,,,
,TxCountOfEachFlow,RxCountOfEachFlow,TxCountTotal,RxCountTotal,Bandwidth,Timestamp,Duration,TxPacketCount,RxPacketCount,PacketLoss,PacketLoss%,LatencyMin,LatencyMax
BE,1250,1250,2500,2500,10M,2023_03_28_12_30_30,1,1250.0,1250.0,0.0,0.0,0.09,99.79
ST,1250,1250,2500,2500,10M,2023_03_28_12_30_30,1,1250.0,1250.0,0.0,0.0,0.09,399.77
Others,2,1,2500,2500,,2023_03_28_12_30_30,1,,,,,,
,TxCountOfEachFlow,RxCountOfEachFlow,TxCountTotal,RxCountTotal,Bandwidth,Timestamp,Duration,TxPacketCount,RxPacketCount,PacketLoss,PacketLoss%,LatencyMin,LatencyMax
ST,1250,1250,2500,2500,10M,2023_03_28_12_37_25,1,1250.0,1250.0,0.0,0.0,0.13,200.31
BE,1250,1250,2500,2500,10M,2023_03_28_12_37_25,1,1250.0,1250.0,0.0,0.0,0.19,50.28
Others,23,23,2500,2500,,2023_03_28_12_37_25,1,,,,,,
,TxCountOfEachFlow,RxCountOfEachFlow,TxCountTotal,RxCountTotal,Bandwidth,Timestamp,Duration,TxPacketCount,RxPacketCount,PacketLoss,PacketLoss%,LatencyMin,LatencyMax
BE,1250,1250,2500,2500,10M,2023_03_28_12_48_50,1,1250,1250,0,0.0,0.14,99.59
ST,1250,1250,2500,2500,10M,2023_03_28_12_48_50,1,1250,1250,0,0.0,0.33,399.73
,TxCountOfEachFlow,RxCountOfEachFlow,TxCountTotal,RxCountTotal,Bandwidth,Timestamp,Duration,TxPacketCount,RxPacketCount,PacketLoss,PacketLoss%,LatencyMin,LatencyMax
BE,1250,1250,2500,2500,Trial,2023_03_28_12_52_57,Trial,1250,1250,0,0.0,0.14,99.59
ST,1250,1250,2500,2500,Trial,2023_03_28_12_52_57,Trial,1250,1250,0,0.0,0.33,399.73
,TxCountOfEachFlow,RxCountOfEachFlow,TxCountTotal,RxCountTotal,Bandwidth,Timestamp,Duration,TxPacketCount,RxPacketCount,PacketLoss,PacketLoss%,LatencyMin,LatencyMax
BE,1250,1250,2500,2500,Trial,2023_03_28_12_55_57,Trial,1250,1250,0,0.0,0.14,99.59
ST,1250,1250,2500,2500,Trial,2023_03_28_12_55_57,Trial,1250,1250,0,0.0,0.33,399.73
,TxCountOfEachFlow,RxCountOfEachFlow,TxCountTotal,RxCountTotal,Bandwidth,Timestamp,Duration,TxPacketCount,RxPacketCount,PacketLoss,PacketLoss%,LatencyMin,LatencyMax
ST,1250,1250,2500,2500,10M,2023_03_28_13_19_59,1,1250,1250,0,0.0,0.07,399.94
BE,1250,1250,2500,2500,10M,2023_03_28_13_19_59,1,1250,1250,0,0.0,0.06,99.53
